time,open,high,low,close,volume
2024-07-08 00:00:00,55852.61,56023.92,55026.0,55089.03,718.62718509
2024-07-08 01:00:00,55089.03,55114.68,54278.93,54953.83,1577.61749524
2024-07-08 02:00:00,54953.83,55453.21,54608.85,55383.87,790.5261266
2024-07-08 03:00:00,55383.87,55489.48,54865.73,55155.86,412.06972784
2024-07-08 04:00:00,55155.86,55625.51,54444.17,55483.64,1009.82582357
2024-07-08 05:00:00,55483.64,55707.46,55276.56,55475.29,394.0126435
2024-07-08 06:00:00,55470.0,55905.34,55203.07,55638.23,471.65891854
2024-07-08 07:00:00,55638.22,55872.98,55530.02,55857.42,341.25038761
2024-07-08 08:00:00,55857.43,57889.02,55738.24,57769.56,1738.23653712
2024-07-08 09:00:00,57778.0,58200.0,57353.25,57515.06,763.34705705
2024-07-08 10:00:00,57512.46,57715.02,56700.0,56804.0,669.50044041
2024-07-08 11:00:00,56820.16,57344.2,56748.03,57142.05,371.58597783
2024-07-08 12:00:00,57135.26,57612.41,56851.86,57140.72,447.22200675
2024-07-08 13:00:00,57136.13,57425.53,56772.3,57200.9,786.07825586
2024-07-08 14:00:00,57212.0,57285.08,54938.68,56173.3,2505.44209235
2024-07-08 15:00:00,56179.84,56761.35,55680.37,55740.97,1068.22708533
2024-07-08 16:00:00,55740.97,56104.76,55409.4,55803.54,853.68558196
2024-07-08 17:00:00,55801.54,56360.23,55580.72,56274.22,486.56836705
2024-07-08 18:00:00,56274.22,56556.79,56144.18,56269.97,489.98919644
2024-07-08 19:00:00,56269.96,56548.92,56133.29,56475.05,1540.25648418
2024-07-08 20:00:00,56478.63,56569.2,56193.6,56259.78,532.61369302
2024-07-08 21:00:00,56259.73,56792.32,56170.13,56637.52,389.36138674
2024-07-08 22:00:00,56637.52,56963.5,56544.98,56678.21,432.26817856
2024-07-08 23:00:00,56676.33,56858.41,56602.27,56699.43,253.07796408
2024-07-09 00:00:00,56701.18,56757.67,56276.37,56524.6,350.3431549
2024-07-09 01:00:00,56533.67,57271.21,56433.55,56549.34,410.00180115
2024-07-09 02:00:00,56554.2,57356.24,56323.89,57249.24,457.10620314
2024-07-09 03:00:00,57248.64,57266.37,56864.56,57160.29,210.16339522
2024-07-09 04:00:00,57158.04,57369.75,57094.04,57282.01,221.90275186
2024-07-09 05:00:00,57282.81,57435.28,57109.19,57290.89,239.64744086
2024-07-09 06:00:00,57294.03,57765.95,57194.45,57478.82,283.85778767
2024-07-09 07:00:00,57480.78,57569.24,57000.0,57108.17,455.49170629
2024-07-09 08:00:00,57108.17,57883.88,57009.76,57605.52,989.56205391
2024-07-09 09:00:00,57605.52,57691.5,57490.33,57582.06,322.7087267
2024-07-09 10:00:00,57582.0,57667.55,57272.52,57429.05,375.32708961
2024-07-09 11:00:00,57424.73,57539.8,57216.08,57427.48,218.12024388
2024-07-09 12:00:00,57423.61,57561.8,57264.52,57338.02,208.10401838
2024-07-09 13:00:00,57338.15,57412.93,56952.69,57324.23,554.71424338
2024-07-09 14:00:00,57324.24,58122.0,57059.9,57072.3,1402.37080578
2024-07-09 15:00:00,57072.04,57503.78,56910.35,57474.12,627.62005001
2024-07-09 16:00:00,57474.58,57866.2,57399.13,57694.24,468.98006805
2024-07-09 17:00:00,57693.72,57801.2,57372.56,57531.7,265.84579883
2024-07-09 18:00:00,57525.25,58295.31,57441.02,57907.42,1160.68173474
2024-07-09 19:00:00,57907.37,57942.52,57680.96,57858.29,1301.80493308
2024-07-09 20:00:00,57858.3,58103.6,57695.52,57940.49,354.07222597
2024-07-09 21:00:00,57938.05,57979.29,57750.22,57787.75,235.23616195
2024-07-09 22:00:00,57788.55,58273.34,57707.94,57935.15,392.3569378
2024-07-09 23:00:00,57935.14,58114.11,57855.65,58047.86,251.74092586
2024-07-10 00:00:00,58047.86,58047.87,57424.65,57490.71,311.50748965
2024-07-10 01:00:00,57493.61,58000.0,57340.7,57809.45,269.03774639
2024-07-10 02:00:00,57807.29,57919.99,57644.16,57887.24,145.34066441
2024-07-10 03:00:00,57894.5,58212.73,57846.45,58184.8,222.9004011
2024-07-10 04:00:00,58184.67,59441.77,58184.67,59348.58,1721.83122755
2024-07-10 05:00:00,59347.37,59481.93,58834.92,58989.19,496.50028912
2024-07-10 06:00:00,58987.7,59344.98,58861.1,59257.58,253.09964748
2024-07-10 07:00:00,59257.67,59304.63,58850.0,58983.38,172.52843661
2024-07-10 08:00:00,58985.13,59043.27,58605.47,58758.6,393.93532308
2024-07-10 09:00:00,58758.31,58780.0,58400.0,58493.34,405.8012324
2024-07-10 10:00:00,58493.37,58714.21,58308.09,58648.8,587.86857368
2024-07-10 11:00:00,58644.96,58709.93,58341.6,58483.17,461.28179236
2024-07-10 12:00:00,58485.87,58559.18,57741.61,58147.67,799.84374575
2024-07-10 13:00:00,58147.68,58288.77,57509.76,57759.28,1090.72365218
2024-07-10 14:00:00,57754.87,57884.38,57480.0,57702.69,663.02685493
2024-07-10 15:00:00,57699.69,58029.77,57484.7,57687.42,471.35831589
2024-07-10 16:00:00,57693.61,58015.23,57580.68,57691.41,410.48051937
2024-07-10 17:00:00,57691.41,57758.47,57430.0,57627.95,296.18740182
2024-07-10 18:00:00,57629.0,57783.1,57476.94,57623.51,302.49992226
2024-07-10 19:00:00,57617.98,57617.98,57333.43,57384.25,798.3325242
2024-07-10 20:00:00,57384.06,57547.03,57157.28,57404.84,447.10950314
2024-07-10 21:00:00,57404.83,57550.06,57270.14,57430.81,173.81806593
2024-07-10 22:00:00,57430.81,57835.79,57418.57,57703.09,394.91774211
2024-07-10 23:00:00,57696.98,57870.52,57582.0,57712.59,329.70122204
2024-07-11 00:00:00,57713.4,57713.42,57356.97,57613.52,324.03192479
2024-07-11 01:00:00,57613.51,58379.13,57464.22,58277.97,450.41301949
2024-07-11 02:00:00,58267.32,58365.21,57731.31,57866.42,283.49802093
2024-07-11 03:00:00,57864.33,57964.18,57036.41,57552.02,584.21881246
2024-07-11 04:00:00,57550.36,57780.1,57474.49,57768.67,187.56235606
2024-07-11 05:00:00,57772.02,58081.37,57695.11,57987.59,206.87909608
2024-07-11 06:00:00,57988.76,58095.05,57866.93,57997.64,147.77596829
2024-07-11 07:00:00,57993.4,58309.54,57911.18,58183.93,256.88153283
2024-07-11 08:00:00,58185.11,58318.21,58037.01,58149.0,150.89641428
2024-07-11 09:00:00,58154.08,58372.99,58061.5,58281.94,291.67650839
2024-07-11 10:00:00,58281.94,58488.0,58164.66,58450.0,253.58436098
2024-07-11 11:00:00,58449.99,58894.25,58386.62,58773.88,876.40805872
2024-07-11 12:00:00,58772.99,59533.06,58477.47,58812.57,1970.95948747
2024-07-11 13:00:00,58815.86,58985.79,58258.23,58571.78,1144.3108775
2024-07-11 14:00:00,58578.14,58692.41,57550.56,57797.42,1327.33986063
2024-07-11 15:00:00,57797.42,58141.34,57267.73,57411.66,726.05212166
2024-07-11 16:00:00,57411.64,57749.55,57180.25,57652.12,294.02591196
2024-07-11 17:00:00,57649.02,57944.35,57586.89,57802.02,272.56659379
2024-07-11 18:00:00,57802.03,58000.0,57669.81,57846.32,224.40980031
2024-07-11 19:00:00,57838.27,57861.74,57350.0,57386.03,539.89266018
2024-07-11 20:00:00,57387.78,57604.98,57215.63,57558.22,254.09031234
2024-07-11 21:00:00,57558.22,57628.68,57312.89,57459.91,158.1403275
2024-07-11 22:00:00,57461.22,57553.1,57147.97,57340.53,231.10198046
2024-07-11 23:00:00,57346.62,57403.61,57153.62,57340.77,276.81778808
2024-07-12 00:00:00,57343.66,57577.14,57152.37,57182.03,209.5468437
2024-07-12 01:00:00,57182.02,57362.15,56538.33,56949.33,512.28094743
2024-07-12 02:00:00,56949.32,57419.57,56883.58,57328.17,356.47692712
2024-07-12 03:00:00,57325.31,57368.88,56859.95,56916.82,174.92939541
2024-07-12 04:00:00,56916.82,57075.25,56721.41,57021.82,199.18812862
2024-07-12 05:00:00,57021.65,57125.2,56944.0,57030.71,197.98745408
2024-07-12 06:00:00,57030.7,57407.39,57023.78,57217.63,265.3919309
2024-07-12 07:00:00,57218.23,57316.56,56851.72,57114.39,426.34150103
2024-07-12 08:00:00,57114.38,57331.74,57022.96,57320.88,250.82828184
2024-07-12 09:00:00,57321.44,57325.91,56867.32,56953.32,157.95394006
2024-07-12 10:00:00,56953.31,57200.0,56763.56,57182.56,212.4151493
2024-07-12 11:00:00,57178.99,57296.44,57072.92,57225.1,232.64691323
2024-07-12 12:00:00,57225.09,57502.89,57102.47,57395.33,622.72814683
2024-07-12 13:00:00,57395.41,58024.8,57361.36,57863.87,909.56392453
2024-07-12 14:00:00,57863.87,58043.3,57702.51,57837.5,684.43629908
2024-07-12 15:00:00,57837.51,58295.08,57786.54,58221.0,551.52805561
2024-07-12 16:00:00,58221.78,58449.99,57944.78,58129.72,477.14626949
2024-07-12 17:00:00,58129.79,58336.07,57966.66,58180.37,685.70218234
2024-07-12 18:00:00,58176.05,58550.0,58082.9,58320.71,945.16518002
2024-07-12 19:00:00,58318.09,58381.28,57519.15,57611.34,1272.42537451
2024-07-12 20:00:00,57601.72,57672.94,57152.89,57539.5,734.94098345
2024-07-12 21:00:00,57539.51,57700.0,57504.19,57608.01,166.1152326
2024-07-12 22:00:00,57604.69,57898.41,57585.99,57796.43,159.52256263
2024-07-12 23:00:00,57797.13,57935.81,57725.0,57909.03,111.34237768
2024-07-13 00:00:00,57908.61,57949.99,57780.03,57855.76,123.93377098
2024-07-13 01:00:00,57855.77,57990.56,57813.65,57900.56,77.73691632
2024-07-13 02:00:00,57900.56,57983.55,57781.64,57963.06,69.80375048
2024-07-13 03:00:00,57961.8,58011.12,57806.43,57840.0,48.22177102
2024-07-13 04:00:00,57840.0,57878.02,57788.03,57799.98,47.67265118
2024-07-13 05:00:00,57796.83,58177.83,57770.92,58090.19,114.80495216
2024-07-13 06:00:00,58091.32,58238.08,58017.85,58046.42,82.63548735
2024-07-13 07:00:00,58049.74,58180.44,58023.46,58178.51,62.65564424
2024-07-13 08:00:00,58178.5,58208.64,57959.1,57970.55,64.45246464
2024-07-13 09:00:00,57976.03,58844.02,57931.05,58687.09,385.50683462
2024-07-13 10:00:00,58687.09,58776.8,58355.2,58441.16,134.17981955
2024-07-13 11:00:00,58448.32,58610.28,58388.2,58541.5,110.62578426
2024-07-13 12:00:00,58541.51,58898.0,58439.79,58767.35,324.20972047
2024-07-13 13:00:00,58763.57,58836.56,58572.77,58625.45,223.50263526
2024-07-13 14:00:00,58620.46,58809.62,58477.14,58805.25,104.65354655
2024-07-13 15:00:00,58798.52,58887.29,58691.63,58848.18,169.04162217
2024-07-13 16:00:00,58848.11,58978.53,58607.16,58630.0,199.41395659
2024-07-13 17:00:00,58630.0,58717.69,58580.0,58717.68,90.64465769
2024-07-13 18:00:00,58717.68,58818.57,58580.57,58645.22,92.80094052
2024-07-13 19:00:00,58650.66,58759.08,58606.08,58636.19,68.65198766
2024-07-13 20:00:00,58629.11,58696.84,58573.53,58606.46,62.93988511
2024-07-13 21:00:00,58606.44,58713.98,58584.01,58701.48,56.94387639
2024-07-13 22:00:00,58701.85,59583.0,58292.08,59502.95,899.906017
2024-07-13 23:00:00,59497.64,59875.0,59135.2,59224.58,640.166765
2024-07-14 00:00:00,59224.58,59810.23,59209.2,59764.23,327.75392945
2024-07-14 01:00:00,59764.25,59858.77,59457.42,59724.97,348.3095536
2024-07-14 02:00:00,59724.97,59772.98,59290.05,59381.59,158.72300964
2024-07-14 03:00:00,59380.91,59604.95,59354.14,59483.51,89.92164591
2024-07-14 04:00:00,59482.45,60107.87,59433.8,59974.6,374.93319838
2024-07-14 05:00:00,59971.92,60316.56,59823.92,60285.66,368.62025258
2024-07-14 06:00:00,60288.92,60356.45,59816.3,59903.55,216.8654485
2024-07-14 07:00:00,59897.11,60161.62,59846.46,60086.41,119.41495708
2024-07-14 08:00:00,60088.05,60431.16,60088.05,60223.06,174.63758141
2024-07-14 09:00:00,60216.14,60391.28,60148.05,60216.84,124.21332824
2024-07-14 10:00:00,60216.32,60264.62,59928.29,59955.03,182.49640175
2024-07-14 11:00:00,59955.03,60166.69,59934.91,60136.84,183.6406863
2024-07-14 12:00:00,60136.83,60146.49,59589.61,59609.28,342.84746643
2024-07-14 13:00:00,59609.28,59801.77,59599.27,59718.1,157.88451029
2024-07-14 14:00:00,59716.09,60247.49,59492.0,60030.43,230.40943631
2024-07-14 15:00:00,60030.43,60170.02,59887.2,60100.85,147.24173357
2024-07-14 16:00:00,60099.0,60136.07,59905.24,60124.17,164.1557612
2024-07-14 17:00:00,60124.29,60214.7,59940.5,60030.33,164.82395961
2024-07-14 18:00:00,60030.33,60109.42,59960.0,60052.82,94.55379079
2024-07-14 19:00:00,60052.82,60061.34,59918.71,59927.3,78.55022627
2024-07-14 20:00:00,59932.9,60421.67,59900.0,60117.78,237.20418745
2024-07-14 21:00:00,60113.29,61428.67,60045.61,61299.11,755.30960386
2024-07-14 22:00:00,61299.12,61422.89,60775.73,60880.19,642.27419028
2024-07-14 23:00:00,60880.01,61195.84,60710.01,60808.42,447.58917168
2024-07-15 00:00:00,60804.97,61338.5,60666.59,61239.98,649.60405461
2024-07-15 01:00:00,61239.99,61832.0,61197.89,61428.5,777.17474634
2024-07-15 02:00:00,61428.5,62650.0,61324.8,62520.38,1601.34128855
2024-07-15 03:00:00,62519.48,62854.15,62359.95,62681.98,967.52178038
2024-07-15 04:00:00,62685.35,62880.0,62458.45,62631.58,627.09589197
2024-07-15 05:00:00,62635.9,62999.99,62557.96,62844.98,565.48128134
2024-07-15 06:00:00,62838.67,63058.07,62739.07,62899.99,742.87229048
2024-07-15 07:00:00,62900.04,63123.99,62783.72,62876.53,694.48402161
2024-07-15 08:00:00,62874.14,63293.19,62822.98,62915.59,411.13410201
2024-07-15 09:00:00,62915.37,62931.43,62544.6,62670.19,464.21695587
2024-07-15 10:00:00,62664.86,62833.49,62440.34,62562.43,190.23758055
2024-07-15 11:00:00,62568.26,62633.23,62316.01,62470.09,196.1542249
2024-07-15 12:00:00,62464.96,62842.04,62459.0,62635.9,336.52366087
2024-07-15 13:00:00,62641.37,63007.71,62486.73,62941.34,942.55233872
2024-07-15 14:00:00,62941.96,63283.69,62765.67,63257.44,1235.79650903
2024-07-15 15:00:00,63257.44,63367.35,62905.77,63070.68,1228.95326837
2024-07-15 16:00:00,63070.68,63703.61,62888.84,63470.03,1559.36372132
2024-07-15 17:00:00,63471.51,63803.58,63132.74,63139.64,1296.20741015
2024-07-15 18:00:00,63139.65,63721.52,63042.38,63575.85,1253.57292045
2024-07-15 19:00:00,63575.84,63935.15,63242.47,63426.27,2170.49633455
2024-07-15 20:00:00,63426.27,63828.68,63319.44,63780.38,559.4541606
2024-07-15 21:00:00,63775.01,63840.0,63351.69,63570.44,276.69180085
2024-07-15 22:00:00,63569.66,64809.0,63537.3,64384.83,1255.93183426
2024-07-15 23:00:00,64389.65,64943.61,64266.41,64757.16,598.87170179
2024-07-16 00:00:00,64757.16,64999.99,64461.32,64651.15,486.79292889
2024-07-16 01:00:00,64651.15,64909.04,64500.05,64875.66,357.03122024
2024-07-16 02:00:00,64876.34,64880.31,64566.69,64859.66,344.36280174
2024-07-16 03:00:00,64856.41,64899.54,64646.81,64786.96,352.29326023
2024-07-16 04:00:00,64786.95,65025.74,64506.45,64523.29,446.37976829
2024-07-16 05:00:00,64523.29,64597.3,63481.55,63671.03,1074.08373779
2024-07-16 06:00:00,63671.02,63899.99,62786.14,62913.62,684.0922293
2024-07-16 07:00:00,62924.43,63371.0,62758.27,62941.27,859.98458019
2024-07-16 08:00:00,62944.76,63136.06,62410.33,62843.16,432.80682473
2024-07-16 09:00:00,62846.97,63282.95,62702.59,63207.18,310.28136216
2024-07-16 10:00:00,63206.68,63676.88,63101.27,63457.27,437.66755934
2024-07-16 11:00:00,63457.28,63893.13,63176.33,63786.86,446.07698283
2024-07-16 12:00:00,63786.86,64296.22,63638.85,63770.79,516.09395953
2024-07-16 13:00:00,63770.79,64139.18,63425.64,63453.66,828.71330912
2024-07-16 14:00:00,63453.66,63925.66,63088.87,63851.03,845.81549181
2024-07-16 15:00:00,63854.82,64999.99,63810.62,64904.68,1135.61230294
2024-07-16 16:00:00,64904.66,65240.37,64246.13,64536.71,1077.25228669
2024-07-16 17:00:00,64536.71,64686.06,64142.46,64591.92,694.06670734
2024-07-16 18:00:00,64586.73,64972.84,64443.54,64826.08,568.11001885
2024-07-16 19:00:00,64824.63,65241.21,64625.29,65208.43,1031.59150268
2024-07-16 20:00:00,65206.17,65231.97,64647.07,64696.5,310.35507262
2024-07-16 21:00:00,64692.99,64871.99,64517.25,64522.85,278.9915744
2024-07-16 22:00:00,64522.86,64660.47,64170.29,64645.04,439.14627161
2024-07-16 23:00:00,64641.49,65405.89,64641.46,65088.99,734.31826971
2024-07-17 00:00:00,65086.55,65650.0,64978.06,65545.01,432.61700637
2024-07-17 01:00:00,65545.0,66139.0,65473.26,65695.45,672.20844331
2024-07-17 02:00:00,65692.44,65939.39,65566.66,65648.94,301.84330505
2024-07-17 03:00:00,65645.56,65833.75,65418.55,65735.71,201.27238019
2024-07-17 04:00:00,65730.46,66047.27,65569.87,65873.09,328.42936328
2024-07-17 05:00:00,65873.15,66040.51,65643.23,65668.29,297.65116331
2024-07-17 06:00:00,65668.29,65841.98,65502.16,65606.53,166.66389114
2024-07-17 07:00:00,65606.53,65609.99,65233.7,65276.82,228.31288942
2024-07-17 08:00:00,65276.83,65504.47,64834.44,65201.48,533.56250089
2024-07-17 09:00:00,65201.48,65542.87,65101.04,65348.17,197.60791325
2024-07-17 10:00:00,65350.3,65377.43,65107.01,65137.71,164.69284847
2024-07-17 11:00:00,65137.72,65171.93,64568.0,64739.45,364.2291526
2024-07-17 12:00:00,64740.62,65031.42,64580.83,64748.85,295.80099576
2024-07-17 13:00:00,64742.82,65341.99,64540.01,65147.82,784.79372742
2024-07-17 14:00:00,65147.82,65267.9,64664.0,65041.21,799.58348169
2024-07-17 15:00:00,65046.09,65425.2,64652.12,64747.9,606.07549173
2024-07-17 16:00:00,64750.52,64798.29,63853.99,64253.38,1090.80211986
2024-07-17 17:00:00,64259.35,64435.97,63949.45,64301.6,481.56564268
2024-07-17 18:00:00,64301.6,64590.49,64229.34,64520.52,636.97108383
2024-07-17 19:00:00,64520.53,64782.1,64460.42,64602.85,600.35104233
2024-07-17 20:00:00,64604.79,64698.56,64508.87,64527.93,346.285453
2024-07-17 21:00:00,64527.93,64569.67,64069.09,64329.54,367.22155601
2024-07-17 22:00:00,64325.13,64467.27,64114.55,64275.34,464.67917112
2024-07-17 23:00:00,64274.75,64374.66,64080.8,64085.81,284.57646824
2024-07-18 00:00:00,64085.82,64540.44,63904.27,64444.43,349.50776825
2024-07-18 01:00:00,64444.43,64678.0,64358.6,64674.47,152.88265415
2024-07-18 02:00:00,64674.46,65117.16,64250.39,64697.57,397.2987786
2024-07-18 03:00:00,64697.56,64957.71,64612.79,64859.01,146.82946769
2024-07-18 04:00:00,64859.01,64883.51,64532.06,64572.64,123.19223965
2024-07-18 05:00:00,64572.64,64867.41,64398.49,64753.5,115.04195233
2024-07-18 06:00:00,64753.5,65065.0,64709.28,65001.86,106.7064447
2024-07-18 07:00:00,65001.88,65039.75,64658.25,64681.36,84.26974128
2024-07-18 08:00:00,64681.36,64968.59,64640.08,64947.96,74.47009967
2024-07-18 09:00:00,64946.1,64953.45,64732.54,64865.92,75.94674275
2024-07-18 10:00:00,64865.99,64865.99,64500.76,64622.85,112.00480235
2024-07-18 11:00:00,64628.45,64781.65,64448.89,64769.38,517.43147302
2024-07-18 12:00:00,64769.25,65040.05,64736.81,64855.58,208.74217286
2024-07-18 13:00:00,64859.7,65130.88,64513.31,64607.64,482.38180798
2024-07-18 14:00:00,64609.06,64725.26,63685.24,64009.11,871.17589887
2024-07-18 15:00:00,64000.0,64008.92,63394.13,63531.57,1012.44560412
2024-07-18 16:00:00,63530.01,63920.65,63308.41,63913.41,507.25280191
2024-07-18 17:00:00,63914.53,63962.23,63500.01,63554.95,332.87719778
2024-07-18 18:00:00,63554.96,63659.21,63320.64,63518.78,354.08675447
2024-07-18 19:00:00,63518.69,63756.34,63222.6,63547.89,623.96385443
2024-07-18 20:00:00,63549.19,63843.61,63423.94,63812.93,319.71337979
2024-07-18 21:00:00,63813.64,63905.35,63741.62,63836.02,224.94249568
2024-07-18 22:00:00,63836.02,64111.11,63700.0,64020.28,247.66643274
2024-07-18 23:00:00,64020.27,64088.1,63937.19,63982.86,196.69703876
2024-07-19 00:00:00,63977.64,64021.54,63543.9,63592.94,223.74274896
2024-07-19 01:00:00,63592.94,63847.65,63289.15,63803.79,188.89620343
2024-07-19 02:00:00,63802.6,63933.04,63630.0,63820.17,142.39650541
2024-07-19 03:00:00,63820.18,64371.39,63800.0,64319.52,234.3368616
2024-07-19 04:00:00,64315.5,64376.9,64127.18,64136.56,180.74149351
2024-07-19 05:00:00,64134.93,64248.18,64076.7,64164.83,168.25544346
2024-07-19 06:00:00,64164.83,64478.26,64126.52,64205.8,173.82837868
2024-07-19 07:00:00,64205.79,64205.8,63607.41,63701.23,626.90647309
2024-07-19 08:00:00,63704.17,63882.97,63405.07,63798.91,210.06088709
2024-07-19 09:00:00,63798.91,64106.28,63642.45,63691.76,161.92319196
2024-07-19 10:00:00,63691.0,64143.62,63639.4,63980.6,179.08560973
2024-07-19 11:00:00,63988.78,64178.57,63900.0,64104.47,129.76307413
2024-07-19 12:00:00,64110.18,64443.5,64031.06,64420.0,526.69307296
2024-07-19 13:00:00,64420.0,65500.0,64046.75,65162.61,1888.76672197
2024-07-19 14:00:00,65162.61,65919.99,65004.71,65753.78,1436.53156618
2024-07-19 15:00:00,65753.77,65869.15,65277.14,65857.42,1033.86012008
2024-07-19 16:00:00,65852.24,66572.0,65843.42,66453.95,1965.55971248
2024-07-19 17:00:00,66453.94,66874.39,66275.0,66777.78,1035.77363678
2024-07-19 18:00:00,66777.74,66851.4,66444.15,66827.78,877.572482
2024-07-19 19:00:00,66827.77,67504.22,66827.77,67207.36,2277.35658439
2024-07-19 20:00:00,67207.36,67277.76,66927.39,66985.5,680.40523749
2024-07-19 21:00:00,66985.5,67400.0,66930.0,66932.89,328.26596413
2024-07-19 22:00:00,66930.01,67040.03,66698.03,66763.29,263.13800695
2024-07-19 23:00:00,66758.02,66958.3,66651.53,66707.61,229.19748091
2024-07-20 00:00:00,66707.61,66875.0,66315.99,66477.45,337.98150033
2024-07-20 01:00:00,66475.77,66756.43,66271.0,66404.74,218.73941542
2024-07-20 02:00:00,66404.34,66685.04,66366.33,66612.96,153.83447662
2024-07-20 03:00:00,66611.62,66795.39,66596.85,66639.8,115.44172892
2024-07-20 04:00:00,66638.58,66749.4,66514.2,66699.81,124.18158261
2024-07-20 05:00:00,66699.8,66699.81,66466.19,66573.26,109.32428751
2024-07-20 06:00:00,66573.25,66717.17,66537.38,66665.32,74.02545476
2024-07-20 07:00:00,66665.32,66809.12,66556.03,66603.18,132.04962561
2024-07-20 08:00:00,66603.18,66681.63,66505.64,66544.86,77.12265627
2024-07-20 09:00:00,66544.87,66779.7,66516.75,66624.9,117.62188431
2024-07-20 10:00:00,66622.21,66699.99,66513.52,66560.24,139.04719585
2024-07-20 11:00:00,66559.0,66600.35,66507.38,66517.47,104.6196376
2024-07-20 12:00:00,66517.48,66600.0,66507.21,66514.52,132.35838892
2024-07-20 12:00:00,66517.48,66600.0,66507.21,66514.52,132.35838892
2024-07-20 13:00:00,66514.51,66687.76,66315.28,66567.05,145.2934532
2024-07-20 14:00:00,66565.05,66723.49,66531.41,66614.51,113.66356624
2024-07-20 15:00:00,66614.51,66862.84,66614.5,66857.02,148.41117467
2024-07-20 16:00:00,66857.03,67083.12,66712.42,66851.48,247.13167022
2024-07-20 17:00:00,66851.48,67625.36,66794.7,67454.34,687.92650517
2024-07-20 18:00:00,67460.07,67635.0,67261.32,67504.59,310.69094726
2024-07-20 19:00:00,67509.82,67562.28,67175.38,67269.08,279.91806195
2024-07-20 20:00:00,67269.09,67480.03,67258.28,67391.71,194.25933511
2024-07-20 21:00:00,67383.93,67391.69,66838.59,67129.19,378.53542309
2024-07-20 22:00:00,67129.19,67328.08,66885.94,67134.52,248.50606595
2024-07-20 23:00:00,67139.32,67219.27,67100.31,67163.83,80.70481376
2024-07-21 00:00:00,67163.82,67350.6,66985.97,67096.89,104.85461751
2024-07-21 01:00:00,67096.89,67469.86,67069.83,67300.0,102.63484572
2024-07-21 02:00:00,67300.01,67421.82,67292.27,67304.88,73.48926829
2024-07-21 03:00:00,67304.87,67407.76,67175.5,67198.86,83.53055362
2024-07-21 04:00:00,67198.85,67256.11,67030.0,67070.42,64.05177013
2024-07-21 05:00:00,67070.42,67133.87,66920.37,67079.38,98.78305726
2024-07-21 06:00:00,67079.37,67124.54,66649.8,66747.4,166.22238732
2024-07-21 07:00:00,66745.34,66845.76,66611.03,66726.43,87.66494922
2024-07-21 08:00:00,66726.43,66923.75,66696.1,66821.0,63.95624598
2024-07-21 09:00:00,66821.01,67049.51,66787.13,66999.25,71.91034215
2024-07-21 10:00:00,66997.13,67095.51,66822.76,66823.5,75.05196154
2024-07-21 11:00:00,66825.72,66909.75,66786.49,66900.39,79.98476162
2024-07-21 12:00:00,66900.39,67010.7,66861.06,66950.29,97.44411151
2024-07-21 13:00:00,66950.28,67000.0,66640.79,66799.14,115.15845825
2024-07-21 14:00:00,66798.81,67416.38,66716.04,67314.55,241.20438761
2024-07-21 15:00:00,67314.54,67532.22,67008.0,67197.39,321.5010812
2024-07-21 16:00:00,67196.54,67619.99,66979.57,67593.63,385.49531905
2024-07-21 17:00:00,67593.63,67756.51,66520.0,66679.78,699.1782879
2024-07-21 18:00:00,66679.79,67369.53,65820.18,66892.09,991.33857373
2024-07-21 19:00:00,66893.43,67750.0,66808.8,67448.39,329.46530828
2024-07-21 20:00:00,67444.16,68236.15,67300.27,67741.67,706.62764203
2024-07-21 21:00:00,67741.68,68295.0,67579.16,68201.44,407.5294304
2024-07-21 22:00:00,68201.65,68380.0,67948.94,68028.84,346.70205005
2024-07-21 23:00:00,68028.83,68220.47,67878.27,68181.28,314.08260307
2024-07-22 00:00:00,68181.16,68495.0,68042.97,68208.19,334.77803548
2024-07-22 01:00:00,68208.18,68257.28,67764.08,67854.48,357.19997301
2024-07-22 02:00:00,67854.44,68219.19,67755.0,68095.96,309.101772
2024-07-22 03:00:00,68094.85,68121.57,67844.9,67893.28,554.04235006
2024-07-22 04:00:00,67893.3,68029.08,67773.19,67933.98,229.93751398
2024-07-22 05:00:00,67933.99,67959.66,67536.36,67638.96,432.77572313
2024-07-22 06:00:00,67637.53,67754.68,67143.87,67420.12,281.95058857
2024-07-22 07:00:00,67420.11,67420.11,67191.43,67255.27,333.77146952
2024-07-22 08:00:00,67255.26,67412.18,67043.03,67086.86,331.71440341
2024-07-22 09:00:00,67086.85,67440.63,66961.37,67435.37,158.42024109
2024-07-22 10:00:00,67429.63,67542.03,67305.27,67436.99,177.7518712
2024-07-22 11:00:00,67436.98,67611.86,67300.0,67527.77,175.88166255
2024-07-22 12:00:00,67527.77,67728.54,67371.35,67720.0,272.34865604
2024-07-22 13:00:00,67720.0,68012.0,66987.78,67107.37,1085.40466298
2024-07-22 14:00:00,67110.03,67350.0,66593.61,66722.6,957.83526827
2024-07-22 15:00:00,66722.6,67203.07,66569.42,67073.72,471.50792391
2024-07-22 16:00:00,67078.92,67329.67,66822.06,67058.6,458.03762912
2024-07-22 17:00:00,67060.93,67498.31,67019.12,67485.21,324.16619591
2024-07-22 18:00:00,67485.22,67697.71,67344.76,67472.16,396.56863152
2024-07-22 19:00:00,67472.17,68339.99,67395.6,68276.66,2679.8756748
2024-07-22 20:00:00,68278.26,68317.91,67850.0,68147.34,595.31310515
2024-07-22 21:00:00,68147.09,68196.0,67679.14,67878.99,321.01526657
2024-07-22 22:00:00,67879.0,67894.32,67526.23,67674.47,282.3207819
2024-07-22 23:00:00,67674.46,67686.73,67258.17,67558.22,323.07179567
2024-07-23 00:00:00,67560.03,67786.84,67476.96,67500.91,302.2874643
2024-07-23 01:00:00,67500.92,67519.31,67219.67,67423.1,273.4899045
2024-07-23 02:00:00,67423.15,67726.69,67255.1,67667.79,170.21613476
2024-07-23 03:00:00,67667.79,67737.69,67455.85,67489.76,109.25207259
2024-07-23 04:00:00,67490.73,67552.06,66939.49,66947.83,248.18558209
2024-07-23 05:00:00,66942.46,66967.69,66335.2,66447.04,534.71859443
2024-07-23 06:00:00,66445.98,66794.48,66393.43,66539.57,371.83352033
2024-07-23 07:00:00,66532.66,66665.91,66243.96,66580.8,293.9143249
2024-07-23 08:00:00,66580.79,66999.99,66522.13,66895.13,227.70248901
2024-07-23 09:00:00,66894.46,67169.55,66763.67,66939.26,144.22824685
2024-07-23 10:00:00,66937.8,67028.96,66817.7,66865.47,145.95684238
2024-07-23 11:00:00,66865.48,66869.38,66452.01,66686.21,141.80092019
2024-07-23 12:00:00,66686.25,66775.95,66384.52,66499.02,541.78040665
2024-07-23 13:00:00,66499.03,66756.37,65945.86,66097.31,817.71462783
2024-07-23 14:00:00,66097.14,67375.5,65982.85,67250.04,1414.51393227
2024-07-23 15:00:00,67250.04,67278.42,66350.0,66601.84,358.86311074
2024-07-23 16:00:00,66598.71,66795.06,65850.0,65873.67,521.52695818
2024-07-23 17:00:00,65873.65,66133.99,65751.0,65952.37,846.40617766
2024-07-23 18:00:00,65950.01,66128.5,65780.46,65874.31,797.75696592
2024-07-23 19:00:00,65873.12,66089.7,65444.3,65525.0,1296.04679801
2024-07-23 20:00:00,65532.2,66011.68,65474.46,65846.64,486.78874277
2024-07-23 21:00:00,65846.64,66051.0,65788.19,65884.8,218.51351059
2024-07-23 22:00:00,65887.61,66057.8,65785.06,65923.31,228.35375835
2024-07-23 23:00:00,65926.74,66052.55,65794.19,65939.24,299.18673647
2024-07-24 00:00:00,65939.24,66145.57,65769.85,65787.9,234.03676888
2024-07-24 01:00:00,65787.76,66118.37,65621.15,65662.43,250.07772941
2024-07-24 02:00:00,65663.94,65932.34,65473.0,65874.09,290.84328636
2024-07-24 03:00:00,65871.99,66111.3,65778.15,66051.72,143.96887381
2024-07-24 04:00:00,66051.28,66082.57,65783.43,65858.11,157.01111785
2024-07-24 05:00:00,65858.12,65918.98,65613.65,65819.81,108.07746067
2024-07-24 06:00:00,65819.8,66003.02,65764.84,65896.7,96.57363775
2024-07-24 07:00:00,65896.69,66080.56,65866.85,66076.96,96.98028475
2024-07-24 08:00:00,66076.97,66458.74,66000.8,66445.54,152.39607248
2024-07-24 09:00:00,66445.54,66498.06,66300.0,66410.11,100.15072722
2024-07-24 10:00:00,66408.65,66610.75,66360.73,66506.09,141.5132333
2024-07-24 11:00:00,66507.92,66579.1,66350.01,66378.54,105.40777534
2024-07-24 12:00:00,66378.55,66593.41,66181.99,66228.71,188.99575679
2024-07-24 13:00:00,66227.52,66944.25,66208.37,66348.34,720.4088394
2024-07-24 14:00:00,66353.42,67131.17,66293.75,66760.16,752.18646678
2024-07-24 15:00:00,66760.16,66826.23,66103.09,66186.67,454.22568959
2024-07-24 16:00:00,66182.29,66503.97,65980.0,66396.12,323.40272128
2024-07-24 17:00:00,66403.14,66727.68,66320.08,66601.75,299.87661255
2024-07-24 18:00:00,66601.14,66675.18,65699.0,65745.93,780.37243201
2024-07-24 19:00:00,65751.3,66115.38,65555.0,65651.94,724.24333286
2024-07-24 20:00:00,65654.62,66069.9,65636.6,66049.57,295.36069835
2024-07-24 21:00:00,66047.78,66069.36,65139.01,65635.31,492.23667098
2024-07-24 22:00:00,65638.63,65668.8,65234.08,65272.2,465.84823321
2024-07-24 23:00:00,65276.6,65464.13,65090.61,65366.4,328.06108967
2024-07-25 00:00:00,65358.86,65616.28,65257.63,65494.17,191.42779112
2024-07-25 01:00:00,65494.18,65506.94,64190.64,64470.01,1422.60497298
2024-07-25 02:00:00,64465.99,64470.02,63864.3,64185.53,684.98903976
2024-07-25 03:00:00,64185.53,64272.64,63851.58,64082.22,335.6348099
2024-07-25 04:00:00,64083.17,64275.0,63777.33,64204.79,353.65809612
2024-07-25 05:00:00,64210.5,64323.17,64030.3,64247.26,457.02749276
2024-07-25 06:00:00,64247.64,64358.5,64069.01,64308.34,211.45617165
2024-07-25 07:00:00,64308.34,64383.98,64043.86,64111.4,272.85067533
2024-07-25 08:00:00,64111.41,64399.09,63850.01,64327.67,332.55003028
2024-07-25 09:00:00,64329.85,64464.41,64192.96,64287.33,86.83112797
2024-07-25 10:00:00,64287.33,64295.95,63943.23,64136.85,146.43472812
2024-07-25 11:00:00,64136.85,64273.32,64069.27,64083.59,167.82565353
2024-07-25 12:00:00,64083.59,64388.31,63891.81,64106.77,284.20675528
2024-07-25 13:00:00,64106.78,64358.79,63712.03,64018.57,650.54983134
2024-07-25 14:00:00,64018.59,64836.18,63412.46,64814.71,1203.95538468
2024-07-25 15:00:00,64814.71,65028.23,64514.44,64778.81,536.6083704
2024-07-25 16:00:00,64778.74,65171.97,64612.6,64859.14,296.80881827
2024-07-25 17:00:00,64861.44,65060.7,64740.63,65032.29,250.52564162
2024-07-25 18:00:00,65038.34,65176.73,64360.27,64543.2,402.26020657
2024-07-25 19:00:00,64543.2,64989.91,64380.96,64663.15,436.87494785
2024-07-25 20:00:00,64663.14,65290.0,64401.73,65280.79,365.48556635
2024-07-25 21:00:00,65276.28,65999.99,65194.61,65827.92,580.71401683
2024-07-25 22:00:00,65827.91,66161.98,65620.26,65626.15,511.70690822
2024-07-25 23:00:00,65626.15,65812.77,65603.15,65795.42,269.26868054
2024-07-26 00:00:00,65795.52,66485.65,65705.6,66375.14,438.26860344
2024-07-26 01:00:00,66372.48,66560.01,66210.0,66430.35,410.73053847
2024-07-26 02:00:00,66430.99,67182.67,66386.23,67004.73,436.3821412
2024-07-26 03:00:00,67003.92,67477.27,66922.06,67027.65,381.12572607
2024-07-26 04:00:00,67034.66,67112.25,66890.06,67070.08,193.71901894
2024-07-26 05:00:00,67071.32,67099.99,66854.18,66921.66,140.91815122
2024-07-26 06:00:00,66921.67,67162.24,66870.0,67048.99,185.89425516
2024-07-26 07:00:00,67053.59,67186.56,66887.08,66902.71,197.09821086
2024-07-26 08:00:00,66899.6,67150.68,66899.6,67100.47,166.89112182
2024-07-26 09:00:00,67096.32,67498.04,67079.72,67288.19,230.2883895
2024-07-26 10:00:00,67288.18,67410.98,67155.67,67292.01,212.80744698
2024-07-26 11:00:00,67293.61,67366.8,67137.78,67320.84,196.67883573
2024-07-26 12:00:00,67320.84,67400.0,67072.66,67312.88,282.93690389
2024-07-26 13:00:00,67317.9,67993.2,67165.87,67891.23,771.99732804
2024-07-26 14:00:00,67890.9,67999.99,66880.0,67332.2,953.00099468
2024-07-26 15:00:00,67332.21,67772.77,67283.98,67562.29,466.29737556
2024-07-26 16:00:00,67562.29,67695.8,67359.15,67401.73,428.32393478
2024-07-26 17:00:00,67400.91,67615.04,67305.67,67374.91,391.28645844
2024-07-26 18:00:00,67374.9,67621.95,67324.95,67573.1,420.68516178
2024-07-26 19:00:00,67573.11,68175.0,67536.3,68008.63,1110.15931837
2024-07-26 20:00:00,68008.08,68031.76,67423.73,67446.94,661.41345875
2024-07-26 21:00:00,67446.93,68216.66,67435.79,67948.94,354.08860384
2024-07-26 22:00:00,67948.95,68098.74,67850.01,67938.68,143.19966953
2024-07-26 23:00:00,67942.55,67986.97,67844.83,67924.08,141.01754048
2024-07-27 00:00:00,67921.46,67963.73,67819.51,67892.98,183.70313227
2024-07-27 01:00:00,67892.99,67900.09,67658.0,67674.81,153.87490525
2024-07-27 02:00:00,67674.27,68076.75,67662.83,68033.18,138.3359828
2024-07-27 03:00:00,68031.92,68086.85,67771.73,67807.79,178.1628784
2024-07-27 04:00:00,67807.79,67915.53,67787.68,67876.04,74.92705787
2024-07-27 05:00:00,67876.03,68007.04,67873.96,67902.65,84.16848753
2024-07-27 06:00:00,67902.65,68104.84,67893.11,68097.81,70.62913464
2024-07-27 07:00:00,68097.82,68305.64,68053.9,68055.83,177.51778821
2024-07-27 08:00:00,68055.83,68188.74,67909.53,67994.7,102.31722283
2024-07-27 09:00:00,67994.7,68238.61,67951.79,68234.02,73.5399826
2024-07-27 10:00:00,68236.19,68276.26,68089.6,68169.41,89.78284844
2024-07-27 11:00:00,68169.4,68237.61,68029.55,68229.97,109.03332451
2024-07-27 12:00:00,68233.4,68490.48,68209.42,68427.53,219.90322361
2024-07-27 13:00:00,68427.52,69387.0,68410.33,69238.44,625.93432281
2024-07-27 14:00:00,69240.87,69418.15,68803.17,68989.33,383.11875535
2024-07-27 15:00:00,68985.45,69095.96,68596.56,68865.0,249.42591455
2024-07-27 16:00:00,68865.0,69000.0,68654.74,68699.98,229.0568396
2024-07-27 17:00:00,68699.98,68779.91,68436.98,68559.13,261.24855683
2024-07-27 18:00:00,68559.32,69017.13,68525.98,68554.08,297.59693252
2024-07-27 19:00:00,68563.26,68671.59,67731.75,68273.79,721.1873179
2024-07-27 20:00:00,68273.79,68462.53,66635.28,67778.88,4372.9020908
2024-07-27 21:00:00,67771.48,69156.35,67583.0,68856.38,978.99226872
2024-07-27 22:00:00,68855.45,68861.41,68548.78,68622.42,200.60170063
2024-07-27 23:00:00,68622.43,68622.43,67788.01,67899.41,257.66131646
2024-07-28 00:00:00,67901.81,68092.02,67275.0,67957.69,270.60528045
2024-07-28 01:00:00,67956.93,68290.36,67914.28,68083.45,143.9022857
2024-07-28 02:00:00,68083.45,68164.93,67962.46,68150.03,92.17393437
2024-07-28 03:00:00,68150.06,68161.5,67936.13,67936.13,73.62520032
2024-07-28 04:00:00,67935.38,68034.62,67326.95,67342.07,173.7376281
2024-07-28 05:00:00,67348.44,67512.0,67021.8,67416.12,227.74340997
2024-07-28 06:00:00,67414.87,67581.37,67373.0,67488.99,81.66873882
2024-07-28 07:00:00,67484.15,67575.94,67297.23,67558.51,197.75266321
2024-07-28 08:00:00,67559.36,67570.22,67219.0,67375.53,54.59044135
2024-07-28 09:00:00,67374.65,67556.22,67312.39,67429.75,62.67687433
2024-07-28 10:00:00,67429.75,67681.96,67381.75,67566.18,110.08222159
2024-07-28 11:00:00,67561.36,67998.29,67556.2,67843.0,143.55098509
2024-07-28 12:00:00,67844.21,68123.84,67742.73,67994.87,112.62562867
2024-07-28 13:00:00,67995.01,68050.24,67850.52,67994.83,97.59995212
2024-07-28 14:00:00,67994.83,68035.21,67650.2,67743.77,195.96308993
2024-07-28 15:00:00,67743.77,67789.36,67570.01,67648.87,155.44843831
2024-07-28 16:00:00,67648.87,67753.75,67611.72,67670.0,96.33020814
2024-07-28 17:00:00,67670.01,67994.82,67670.0,67979.58,116.67551225
2024-07-28 18:00:00,67979.57,68308.82,67914.7,68227.98,188.24105473
2024-07-28 19:00:00,68227.99,68298.33,68073.93,68118.25,125.44479025
2024-07-28 20:00:00,68118.24,68186.53,67937.01,68001.85,125.21382824
2024-07-28 21:00:00,68001.86,68090.53,67801.95,68026.71,185.2762609
2024-07-28 22:00:00,68026.54,68258.19,67944.27,68008.04,216.92165744
2024-07-28 23:00:00,68009.8,68277.77,67946.97,68244.3,257.69828482
2024-07-29 00:00:00,68244.3,69000.0,68157.94,68725.61,593.73377266
2024-07-29 01:00:00,68720.34,68859.7,68354.41,68550.18,331.00260396
2024-07-29 02:00:00,68550.17,69605.0,68538.13,69557.17,754.79103509
2024-07-29 03:00:00,69557.15,69794.85,69295.07,69345.75,424.14152879
2024-07-29 04:00:00,69351.41,69472.19,69250.19,69368.07,201.97736627
2024-07-29 05:00:00,69368.06,69798.05,69368.06,69651.04,201.16382659
2024-07-29 06:00:00,69649.3,69868.93,69542.3,69582.13,283.00180113
2024-07-29 07:00:00,69582.13,69616.7,69439.2,69530.84,247.13754473
2024-07-29 08:00:00,69526.93,69714.45,69368.63,69459.44,203.03316043
2024-07-29 09:00:00,69459.44,69625.63,69426.31,69515.66,156.37351899
2024-07-29 10:00:00,69512.41,69754.36,69378.75,69616.01,232.63124501
2024-07-29 11:00:00,69615.83,69861.44,69573.02,69574.98,364.16109703
2024-07-29 12:00:00,69574.98,69965.07,69394.03,69799.99,658.19518891
2024-07-29 13:00:00,69803.26,70000.0,69063.55,69266.64,1334.11990377
2024-07-29 14:00:00,69262.65,69297.35,68021.43,68206.67,1150.0229862
2024-07-29 15:00:00,68206.18,68293.43,67643.38,68078.3,919.90389344
2024-07-29 16:00:00,68078.31,68100.0,66787.0,66924.0,1657.59029451
2024-07-29 17:00:00,66928.36,67160.37,66400.01,67002.68,1486.37956829
2024-07-29 18:00:00,66999.89,67519.61,66925.28,67411.99,818.13108137
2024-07-29 19:00:00,67412.0,67537.64,67219.64,67297.37,545.16090145
2024-07-29 20:00:00,67300.1,67389.35,67140.82,67365.94,259.96471959
2024-07-29 21:00:00,67365.95,67499.41,67002.77,67482.95,298.04377555
2024-07-29 22:00:00,67482.95,67550.0,67127.8,67228.3,204.75951592
2024-07-29 23:00:00,67229.57,67260.18,66600.0,66771.45,316.06442857
2024-07-30 00:00:00,66767.14,66846.13,65846.38,66594.43,740.28419301
2024-07-30 01:00:00,66598.65,66868.58,66050.0,66188.02,274.03729344
2024-07-30 02:00:00,66195.4,66463.39,65940.37,66419.84,277.695178
2024-07-30 03:00:00,66414.08,66673.88,66366.44,66606.45,170.26582896
2024-07-30 04:00:00,66606.58,66807.7,66509.4,66788.11,174.45583454
2024-07-30 05:00:00,66788.1,66788.1,66305.57,66464.03,300.35882892
2024-07-30 06:00:00,66464.04,66764.87,66447.48,66750.09,130.93361223
2024-07-30 07:00:00,66748.88,66994.15,66748.88,66933.95,190.84296531
2024-07-30 08:00:00,66933.96,66990.53,66707.27,66761.0,165.28748563
2024-07-30 09:00:00,66753.7,66891.99,66427.67,66590.27,307.74080845
2024-07-30 10:00:00,66590.27,66682.08,66391.15,66566.67,165.55473619
2024-07-30 11:00:00,66566.67,66713.1,66470.57,66562.36,104.72930299
2024-07-30 12:00:00,66558.44,66811.24,66211.43,66650.21,251.02781809
2024-07-30 13:00:00,66647.66,66929.85,66310.9,66371.71,361.96677593
2024-07-30 14:00:00,66371.72,66441.63,65634.77,65777.1,801.99432536
2024-07-30 15:00:00,65777.77,66311.64,65515.82,66190.86,1080.08006388
2024-07-30 16:00:00,66188.18,66548.0,66111.42,66154.64,396.60279803
2024-07-30 17:00:00,66154.64,66198.71,65670.69,65842.01,615.8852934
2024-07-30 18:00:00,65842.01,66049.22,65554.02,65790.93,496.42663425
2024-07-30 19:00:00,65790.75,65996.11,65525.37,65891.91,516.08477579
2024-07-30 20:00:00,65891.9,66216.38,65283.68,66176.45,618.92690767
2024-07-30 21:00:00,66173.87,66305.54,65923.23,66287.95,194.84209954
2024-07-30 22:00:00,66289.23,66337.62,66053.58,66210.6,179.12384555
2024-07-30 23:00:00,66205.57,66292.75,66098.36,66169.68,218.42417475
2024-07-31 00:00:00,66169.68,66404.28,65860.79,66334.0,192.90083066
2024-07-31 01:00:00,66339.22,66398.19,66090.13,66293.0,140.15286742
2024-07-31 02:00:00,66287.72,66407.99,66053.21,66106.02,116.3688997
2024-07-31 03:00:00,66106.01,66214.67,66018.0,66040.57,128.12781735
2024-07-31 04:00:00,66037.03,66082.7,65467.02,65785.66,277.45727653
2024-07-31 05:00:00,65785.67,66195.81,65564.46,66152.52,228.57775856
2024-07-31 06:00:00,66155.0,66526.2,66085.5,66436.31,219.02801102
2024-07-31 07:00:00,66436.31,66507.23,66174.49,66191.95,269.16354055
2024-07-31 08:00:00,66191.94,66346.41,66009.05,66287.27,156.84344348
2024-07-31 09:00:00,66286.86,66347.39,66127.57,66218.21,226.2687205
2024-07-31 10:00:00,66218.22,66221.12,65909.09,65943.81,236.69251702
2024-07-31 11:00:00,65943.81,66116.4,65913.23,66047.11,163.24953478
2024-07-31 12:00:00,66047.11,66267.22,65948.08,66123.92,360.45309506
2024-07-31 13:00:00,66123.91,66837.4,66085.45,66488.99,758.39126369
2024-07-31 14:00:00,66489.0,66716.41,65959.0,66426.16,544.79814537
2024-07-31 15:00:00,66429.06,66545.08,66303.61,66361.61,300.33524852
2024-07-31 16:00:00,66362.9,66733.13,66262.87,66337.47,308.82120175
2024-07-31 17:00:00,66337.47,66814.88,66277.26,66659.16,332.7707351
2024-07-31 18:00:00,66663.63,66715.74,66115.18,66511.01,590.13520701
2024-07-31 19:00:00,66519.03,66634.89,64910.0,65222.44,1489.95814522
2024-07-31 20:00:00,65220.5,65409.15,64508.09,64566.88,1030.67245661
2024-07-31 21:00:00,64572.51,65128.0,64500.0,64957.35,458.05970822
2024-07-31 22:00:00,64963.6,65049.22,64619.09,64964.21,301.05045014
2024-07-31 23:00:00,64966.32,64981.46,64599.0,64609.62,156.09841827
2024-08-01 00:00:00,64609.61,64827.18,64329.23,64616.82,404.76955238
2024-08-01 01:00:00,64610.52,64792.95,64093.0,64165.42,469.18637045
2024-08-01 02:00:00,64169.96,64231.77,63861.86,64070.62,484.75466718
2024-08-01 03:00:00,64069.88,64093.89,63716.6,63901.37,393.06267322
2024-08-01 04:00:00,63901.37,64000.0,63565.0,63692.08,284.6251278
2024-08-01 05:00:00,63692.07,64315.11,63532.64,64266.32,553.49476545
2024-08-01 06:00:00,64266.32,64423.77,64078.0,64199.13,188.84466586
2024-08-01 07:00:00,64203.59,64459.01,64182.46,64281.85,149.94294376
2024-08-01 08:00:00,64281.54,64513.61,64269.26,64465.12,164.08760925
2024-08-01 09:00:00,64465.13,64667.14,64422.09,64429.46,142.69626001
2024-08-01 10:00:00,64429.46,64581.68,64271.45,64544.7,134.05763517
2024-08-01 11:00:00,64544.69,64657.18,64423.0,64640.62,173.5101567
2024-08-01 12:00:00,64640.62,64887.31,64598.83,64856.33,248.26795912
2024-08-01 13:00:00,64856.33,64925.0,64429.71,64729.13,391.11426089
2024-08-01 14:00:00,64727.4,64756.84,63898.82,63908.89,826.66174643
2024-08-01 15:00:00,63908.0,63938.38,62627.17,62863.31,2845.17301149
2024-08-01 16:00:00,62863.39,63161.01,62600.0,62851.71,1099.44509495
2024-08-01 17:00:00,62851.7,63195.21,62212.81,63152.46,1256.90722333
2024-08-01 18:00:00,63152.81,63362.77,62716.7,62872.74,1275.88059664
2024-08-01 19:00:00,62872.73,63434.15,62834.38,63346.4,1038.8210253
2024-08-01 20:00:00,63342.25,64718.17,63271.7,64687.27,1212.97398691
2024-08-01 21:00:00,64682.82,65303.87,64557.74,64841.88,652.77621139
2024-08-01 22:00:00,64838.83,65593.56,64812.26,65116.22,770.44646588
2024-08-01 23:00:00,65116.59,65417.66,64920.93,65288.18,475.22204819
2024-08-02 00:00:00,65293.48,65557.86,64838.23,64848.81,333.21987063
2024-08-02 00:00:00,65293.48,65557.86,64838.23,64848.81,333.21987063
2024-08-02 01:00:00,64845.91,64845.91,64500.02,64599.31,314.99455167
2024-08-02 02:00:00,64601.54,64777.45,63609.99,64301.78,523.00323377
2024-08-02 03:00:00,64301.79,64566.58,64180.59,64546.34,220.9240968
2024-08-02 04:00:00,64546.34,64595.43,64369.65,64472.47,149.29319753
2024-08-02 05:00:00,64471.9,64482.18,64026.9,64124.63,222.43120111
2024-08-02 06:00:00,64124.64,64586.69,63757.92,64415.86,256.48251477
2024-08-02 07:00:00,64411.64,64473.79,64072.46,64109.86,332.61942292
2024-08-02 08:00:00,64104.89,64548.15,63982.65,64541.18,165.75782529
2024-08-02 09:00:00,64541.17,64567.0,64352.1,64459.35,115.03347068
2024-08-02 10:00:00,64459.34,64828.15,64317.78,64704.63,186.9703647
2024-08-02 11:00:00,64704.59,64935.81,64600.03,64605.69,214.04111523
2024-08-02 12:00:00,64605.7,64886.3,64114.96,64790.42,733.96510749
2024-08-02 13:00:00,64790.41,65492.34,64500.0,65185.1,1290.86653372
2024-08-02 14:00:00,65188.91,65330.13,63009.09,63096.76,1689.34998129
2024-08-02 15:00:00,63092.86,63582.82,62368.97,63356.47,2045.40115869
2024-08-02 16:00:00,63356.47,63558.28,62909.91,63239.33,1108.85763923
2024-08-02 17:00:00,63238.79,63399.62,62996.92,63024.82,328.94971678
2024-08-02 18:00:00,63031.19,63160.31,62699.39,62823.96,510.32986194
2024-08-02 19:00:00,62823.96,62907.46,62438.54,62553.57,1623.70683332
2024-08-02 20:00:00,62557.76,63119.68,62010.01,62553.11,934.6447309
2024-08-02 21:00:00,62557.56,62672.22,61195.0,61923.31,1295.58333936
2024-08-02 22:00:00,61922.88,62183.12,61150.0,61308.96,430.24965715
2024-08-02 23:00:00,61319.21,61708.64,61222.75,61418.06,363.3342146
2024-08-03 00:00:00,61418.06,61645.1,60830.0,61059.75,418.72257509
2024-08-03 01:00:00,61061.59,61312.6,60240.5,61257.02,821.86142648
2024-08-03 02:00:00,61257.02,61528.73,61137.4,61364.41,372.42101595
2024-08-03 03:00:00,61367.05,61920.07,61220.35,61841.89,424.83071867
2024-08-03 04:00:00,61841.04,61922.72,61328.73,61495.32,235.64084802
2024-08-03 05:00:00,61494.85,61652.38,61429.98,61636.79,101.69757232
2024-08-03 06:00:00,61636.44,61779.42,61596.56,61760.69,65.23081178
2024-08-03 07:00:00,61760.69,61846.15,61554.27,61613.41,105.88450327
2024-08-03 08:00:00,61605.51,61692.98,61421.03,61575.44,93.91262726
2024-08-03 09:00:00,61568.38,61697.5,61401.4,61687.04,83.53762063
2024-08-03 10:00:00,61687.52,61837.18,61616.95,61768.38,97.66322185
2024-08-03 11:00:00,61768.12,61967.36,61733.1,61874.51,137.62016059
2024-08-03 12:00:00,61874.51,62171.58,61800.29,61958.24,180.11899292
2024-08-03 13:00:00,61958.24,62000.0,61804.75,61979.03,132.84744635
2024-08-03 14:00:00,61978.0,62139.85,61860.34,61956.0,192.31786027
2024-08-03 15:00:00,61956.94,62060.54,60788.0,60841.89,349.37574718
2024-08-03 16:00:00,60839.12,61233.92,60353.55,60866.87,881.68292049
2024-08-03 17:00:00,60866.87,60972.99,60401.67,60527.51,431.71804542
2024-08-03 18:00:00,60525.41,60795.89,60134.0,60195.53,627.89057738
2024-08-03 19:00:00,60195.54,60603.51,59888.0,60204.64,828.09127633
2024-08-03 20:00:00,60204.64,60682.19,60120.1,60370.4,474.56579828
2024-08-03 21:00:00,60367.01,60816.3,59819.13,60607.21,480.38509183
2024-08-03 22:00:00,60618.9,60734.17,60335.24,60591.85,220.34545125
2024-08-03 23:00:00,60591.85,60789.0,60343.98,60674.93,261.03219957
2024-08-04 00:00:00,60674.93,60780.91,60560.4,60715.22,116.2187494
2024-08-04 01:00:00,60719.16,60738.24,60290.0,60715.75,118.42243597
2024-08-04 02:00:00,60706.08,61082.3,60674.54,60851.13,152.82127101
2024-08-04 03:00:00,60852.46,60878.44,60656.8,60708.82,180.92860575
2024-08-04 04:00:00,60708.81,60769.62,60513.69,60536.36,108.04910083
2024-08-04 05:00:00,60536.36,60900.0,60512.06,60752.81,97.48701819
2024-08-04 06:00:00,60752.82,60830.82,60673.19,60775.27,39.133394
2024-08-04 07:00:00,60775.28,60796.42,60215.35,60329.61,276.23520106
2024-08-04 08:00:00,60321.86,60633.97,60071.0,60526.73,79.0152093
2024-08-04 09:00:00,60531.94,60702.0,60470.02,60667.69,85.99110008
2024-08-04 10:00:00,60669.85,60803.49,60500.0,60783.27,76.93201543
2024-08-04 11:00:00,60775.92,60982.36,60737.8,60872.41,185.01828225
2024-08-04 12:00:00,60872.41,61072.64,60773.59,61036.07,322.68202227
2024-08-04 13:00:00,61026.23,61060.45,60800.0,60800.01,154.25115504
2024-08-04 14:00:00,60800.01,60855.62,59301.0,59539.23,944.05575786
2024-08-04 15:00:00,59554.58,59580.0,58905.35,59019.3,1104.1548445
2024-08-04 16:00:00,59035.11,59270.0,58565.67,58620.6,706.63915437
2024-08-04 17:00:00,58620.1,58700.5,57123.0,57826.04,1569.18309046
2024-08-04 18:00:00,57826.23,58904.99,57711.16,58743.15,1151.51314754
2024-08-04 19:00:00,58746.12,59487.42,58506.55,59242.91,828.94642471
2024-08-04 20:00:00,59241.4,59570.62,58824.05,59122.91,574.31596751
2024-08-04 21:00:00,59122.91,59140.77,58340.02,58453.14,614.93118962
2024-08-04 22:00:00,58453.14,59107.1,58367.34,58695.45,504.32277714
2024-08-04 23:00:00,58695.44,58745.08,57977.11,58130.95,327.76300229
2024-08-05 00:00:00,58131.31,58282.83,55693.62,56142.48,2114.01888795
2024-08-05 01:00:00,56142.48,56268.9,52405.0,54426.99,5273.39078309
2024-08-05 02:00:00,54413.74,54723.76,53591.89,54697.74,1929.40236446
2024-08-05 03:00:00,54702.53,54720.94,53800.0,53897.58,1281.66701988
2024-08-05 04:00:00,53896.04,54576.38,53382.95,53517.0,1317.68774199
2024-08-05 05:00:00,53520.55,53854.79,52282.5,52715.73,2642.64194056
2024-08-05 06:00:00,52709.3,52974.54,49050.01,51591.75,5689.61309518
2024-08-05 07:00:00,51593.48,53107.34,51361.04,52692.97,2252.86492432
2024-08-05 08:00:00,52692.68,53241.98,52309.93,52770.01,1312.15391255
2024-08-05 09:00:00,52768.58,52954.42,51763.15,52662.53,960.05807178
2024-08-05 10:00:00,52662.61,52662.61,50671.61,51407.25,1600.44794416
2024-08-05 11:00:00,51401.96,51918.06,50640.52,51344.08,1450.73906361
2024-08-05 12:00:00,51344.08,51561.44,49531.44,49803.76,2794.162516
2024-08-05 13:00:00,49789.06,52517.04,49578.52,51977.65,5622.91705692
2024-08-05 14:00:00,51979.91,54543.46,51979.91,54089.74,5903.60912163
2024-08-05 15:00:00,54088.38,55035.33,53520.0,54378.63,3610.30391255
2024-08-05 16:00:00,54378.63,55594.65,54074.7,54087.97,2378.98147369
2024-08-05 17:00:00,54082.1,55098.45,53806.0,54750.19,2037.04418922
2024-08-05 18:00:00,54749.98,54754.15,53001.0,53121.66,2202.9717744
2024-08-05 19:00:00,53124.42,53615.77,52566.55,53469.64,3417.86381648
2024-08-05 20:00:00,53469.63,54412.72,53453.25,54397.93,1210.38258413
2024-08-05 21:00:00,54394.33,55236.0,54282.44,54385.88,853.42335273
2024-08-05 22:00:00,54388.87,54994.69,54220.11,54711.02,692.23484425
2024-08-05 23:00:00,54711.02,55093.66,53900.0,54029.12,577.20887519
2024-08-06 00:00:00,54037.9,56091.4,53965.57,56049.92,1197.11089123
2024-08-06 01:00:00,56062.86,56297.81,55457.38,55745.08,938.93435121
2024-08-06 02:00:00,55745.08,56095.6,55644.75,55872.9,636.25302313
2024-08-06 03:00:00,55869.85,55918.85,55493.59,55690.11,548.1872881
2024-08-06 04:00:00,55690.37,55795.12,55273.09,55526.47,509.28403103
2024-08-06 05:00:00,55526.47,56035.32,55288.31,55970.56,468.6178046
2024-08-06 06:00:00,55972.93,56089.62,55580.0,55832.44,439.48290321
2024-08-06 07:00:00,55829.38,56200.0,55500.0,56038.24,308.15987495
2024-08-06 08:00:00,56038.24,56163.76,54633.55,55020.05,538.73606608
2024-08-06 09:00:00,55021.43,55317.18,54630.53,55230.71,385.15202236
2024-08-06 10:00:00,55228.65,55459.42,54895.62,55083.53,242.0690989
2024-08-06 11:00:00,55079.18,55428.87,54829.22,55231.33,296.75247747
2024-08-06 12:00:00,55230.54,55487.0,54699.67,54784.32,548.67646992
2024-08-06 13:00:00,54784.32,55425.98,54371.96,55217.22,935.51325484
2024-08-06 14:00:00,55217.41,56635.18,55136.76,56137.87,1696.7414098
2024-08-06 15:00:00,56140.38,56450.6,55725.86,56430.34,737.62451016
2024-08-06 16:00:00,56430.96,56945.77,56253.98,56800.93,864.28630303
2024-08-06 17:00:00,56797.72,56984.09,56508.7,56517.22,638.4222092
2024-08-06 18:00:00,56509.13,57091.16,56384.04,56748.87,714.3015409
2024-08-06 19:00:00,56755.61,56921.26,56321.18,56787.45,1823.06460415
2024-08-06 20:00:00,56794.38,56885.55,56236.0,56573.34,767.09640503
2024-08-06 21:00:00,56573.36,56679.33,56125.03,56479.57,443.17279109
2024-08-06 22:00:00,56479.57,56960.24,55968.95,56227.04,751.77761492
2024-08-06 23:00:00,56228.09,56438.53,55818.33,56048.08,468.25825005
2024-08-07 00:00:00,56048.07,56399.0,55586.95,56296.37,443.58874316
2024-08-07 01:00:00,56301.58,57050.0,55810.53,57000.01,756.41375527
2024-08-07 02:00:00,56986.07,57307.69,56521.41,56794.1,703.03748927
2024-08-07 03:00:00,56798.16,57018.22,56611.9,56887.14,242.4943021
2024-08-07 04:00:00,56895.76,57285.99,56774.38,57086.26,389.71508462
2024-08-07 05:00:00,57086.25,57286.0,56729.04,56835.02,333.85105189
2024-08-07 06:00:00,56826.1,57049.8,56728.98,56874.12,284.73428399
2024-08-07 07:00:00,56876.9,57127.98,56578.0,56954.7,194.29747734
2024-08-07 08:00:00,56956.35,57479.04,56901.48,57376.52,375.87074118
2024-08-07 09:00:00,57376.52,57731.35,57207.63,57378.45,401.36938025
2024-08-07 10:00:00,57378.45,57757.15,57280.36,57361.19,317.91646712
2024-08-07 11:00:00,57361.17,57466.0,56902.9,56995.51,556.94926151
2024-08-07 12:00:00,56997.75,57375.87,56846.5,57329.8,334.31586322
2024-08-07 13:00:00,57325.12,57522.56,56732.32,56862.81,604.47733568
2024-08-07 14:00:00,56859.62,57027.91,55669.88,56088.5,1556.14861828
2024-08-07 15:00:00,56090.52,56416.3,55774.02,56099.32,668.25336435
2024-08-07 16:00:00,56099.32,56314.13,55838.87,56164.42,759.24384807
2024-08-07 17:00:00,56151.85,56339.99,55432.33,55575.0,746.77907136
2024-08-07 18:00:00,55581.5,55635.1,54666.0,54809.69,1175.11830148
2024-08-07 19:00:00,54804.49,55157.97,54675.4,54755.89,1198.56156263
2024-08-07 20:00:00,54758.15,55316.89,54653.21,55155.89,692.55717835
2024-08-07 21:00:00,55154.36,55591.54,54873.07,55424.63,441.25675728
2024-08-07 22:00:00,55425.66,55478.47,54564.15,55296.14,439.06464698
2024-08-07 23:00:00,55296.14,55436.95,54927.96,55148.1,355.50060172
2024-08-08 00:00:00,55144.14,55376.29,54737.32,55312.66,285.49265397
